<?xml version="1.0" encoding="UTF-8"?>
<project-private xmlns="http://www.netbeans.org/ns/project-private/1">
    <editor-bookmarks xmlns="http://www.netbeans.org/ns/editor-bookmarks/2" lastBookmarkId="0"/>
    <open-files xmlns="http://www.netbeans.org/ns/projectui-open-files/2">
        <group>
            <file>file:/C:/Users/Reymuel/Desktop/CS129L%20Final%20Project/src/cs129l/pkgfinal/project/SearchFunctions/BlockSearch.java</file>
            <file>file:/C:/Users/Reymuel/Desktop/CS129L%20Final%20Project/src/cs129l/pkgfinal/project/SearchFunctions/LotSearch.java</file>
            <file>file:/C:/Users/Reymuel/Desktop/CS129L%20Final%20Project/src/cs129l/pkgfinal/project/Lot.java</file>
            <file>file:/C:/Users/Reymuel/Desktop/CS129L%20Final%20Project/src/cs129l/pkgfinal/project/Dimension.java</file>
            <file>file:/C:/Users/Reymuel/Desktop/CS129L%20Final%20Project/src/cs129l/pkgfinal/project/LotUI.java</file>
            <file>file:/C:/Users/Reymuel/Desktop/CS129L%20Final%20Project/src/cs129l/pkgfinal/project/CS129LFinalProject.java</file>
            <file>file:/C:/Users/Reymuel/Desktop/CS129L%20Final%20Project/src/cs129l/pkgfinal/project/LotRow.java</file>
            <file>file:/C:/Users/Reymuel/Desktop/CS129L%20Final%20Project/src/cs129l/pkgfinal/project/Block.java</file>
            <file>file:/C:/Users/Reymuel/Desktop/CS129L%20Final%20Project/src/cs129l/pkgfinal/project/SearchFunctions/Everything.java</file>
            <file>file:/C:/Users/Reymuel/Desktop/CS129L%20Final%20Project/src/cs129l/pkgfinal/project/MainFrame.java</file>
            <file>file:/C:/Users/Reymuel/Desktop/CS129L%20Final%20Project/src/cs129l/pkgfinal/project/Buyer.java</file>
            <file>file:/C:/Users/Reymuel/Desktop/CS129L%20Final%20Project/src/cs129l/pkgfinal/project/SearchFunctions/BuyerSearch.java</file>
        </group>
    </open-files>
</project-private>
